#,关键词,搜索量,百度收录,百度推广,谷歌收录,P指数,周关注度,月关注度,季关注度,男性,女性
69,葡萄糖,732,69900000,6,36300000,难,+5%,-16%,-15%,62.95%,37.05%
25,氯雷他定片,569,1110000,0,0,中等,+5%,+4%,-10%,64.05%,35.95%
84,维a酸乳膏,392,725000,2,647000,易,+4%,-1%,+5%,51.52%,48.48%
76,氯雷他定,330,3880000,0,378000,中等,+5%,+11%,-4%,67.39%,32.61%
28,复方甘草片,273,850000,2,0,易,-11%,+5%,-35%,67.06%,32.94%
87,鱼石脂软膏,252,577000,2,169000,易,+1%,+6%,+2%,64.51%,35.49%
12,复方地芬诺酯片,181,118000,2,391000,易,+3%,-13%,0%,70.05%,29.95%
72,头孢曲松钠,173,19000000,0,536000,中等,+2%,-11%,-13%,68.3%,31.7%
19,柴胡舒肝丸,170,173000,0,0,易,+3%,-3%,-20%,63.82%,36.18%
10,熊胆粉,158,596000,0,291000,易,+16%,+25%,-22%,69.05%,30.95%
42,盐酸氨溴索口服溶液,156,258000,0,0,易,+6%,+14%,-45%,66.45%,33.55%
20,盐酸地芬尼多片,151,556000,0,0,易,0%,-9%,-4%,58.53%,41.47%
41,硫酸庆大霉素,116,1060000,2,0,中等,+6%,-19%,+13%,65.55%,34.45%
38,替硝唑片,112,390000,0,0,易,+10%,+26%,-14%,63.85%,36.15%
11,三肾丸,104,258000,0,1200000,易,-6%,-2%,-16%,80.13%,19.87%
58,盐酸特比萘芬乳膏,93,240000,2,0,易,-,-,-,-%,-%
4,阿昔洛韦乳膏,93,1070000,6,424000,中等,-12%,-9%,+7%,65.66%,34.34%
90,红花注射液,91,433000,0,1160000,易,+17%,-11%,-25%,64.34%,35.66%
53,建曲,91,945000,0,0,易,+20%,-9%,0%,61.81%,38.19%
70,胃蛋白酶,84,3790000,6,1980000,中等,+75%,+14%,+612%,59.26%,40.74%
50,甲硝唑栓,81,693000,2,0,易,+16%,-6%,0%,49.44%,50.56%
80,非诺贝特胶囊,80,345000,2,323000,易,-,-,-,-%,-%
29,参桂鹿茸丸,78,84900,0,0,易,-9%,-8%,-35%,72.2%,27.8%
46,理中丸,76,1930000,0,0,易,+35%,-28%,-3%,68.82%,31.18%
1,复方甘草口服溶液,69,573000,0,329000,易,-,-,-,-%,-%
74,护肝宁片,53,130000,0,670000,易,-,-,-,-%,-%
52,奥扎格雷,52,175000,2,0,易,-,-,-,-%,-%
8,托吡卡胺滴眼液,49,206000,2,120000,易,-,-,-,-%,-%
9,尿素乳膏,44,682000,2,303000,易,-6%,+7%,-25%,57.4%,42.6%
79,琥珀安神丸,39,44300,2,114000,易,0%,+20%,-19%,59.14%,40.86%
47,阿归养血糖浆,39,136000,0,0,易,-,-,-,-%,-%
32,甲磺酸帕珠沙星,36,354000,0,0,易,-,-,-,-%,-%
15,蛇胆川贝散,30,660000,0,166000,易,+7%,-12%,+400%,71.88%,28.12%
91,蛇胆陈皮散,25,213000,0,91400,易,-,-,-,-%,-%
30,更年安胶囊,25,241000,3,0,易,-,-,-,-%,-%
60,肝速康胶囊,24,329000,2,311000,易,-,-,-,-%,-%
55,利肝隆颗粒,24,142000,0,0,易,-,-,-,-%,-%
98,胃膜素,22,355000,0,9690000,易,-,-,-,-%,-%
97,穿心莲胶囊,21,862000,0,419000,易,-13%,+21%,+1400%,56.05%,43.95%
99,肌氨肽苷注射液,20,199000,0,263000,易,-,-,-,-%,-%
6,注射用水溶性维生素,20,3290000,0,55800,中等,-,-,-,-%,-%
51,沉香化滞丸,18,1360000,0,0,易,-,-,-,-%,-%
92,清喉咽颗粒,17,139000,0,1220000,易,-,-,-,-%,-%
65,盐酸异丙嗪注射液,17,617000,0,171000,易,-,-,-,-%,-%
59,注射用头孢美唑钠,16,87500,0,0,易,-,-,-,-%,-%
18,风热感冒颗粒,16,1380000,2,1390000,易,-,-,-,-%,-%
73,益视颗粒,13,87100,1,1640000,易,-,-,-,-%,-%
33,乳酸左氧氟沙星注射液,10,623000,0,0,易,-,-,-,-%,-%
3,肌苷氯化钠注射液,10,912000,4,211000,易,-,-,-,-%,-%
96,注射用盐酸丁咯地尔,9,275000,0,71800,易,-,-,-,-%,-%
77,益母草流浸膏,9,186000,0,89900,易,-,-,-,-%,-%
22,参桂再造丸,9,79200,2,0,易,-,-,-,-%,-%
95,藿香正气颗粒,8,1850000,0,666000,易,-,-,-,-%,-%
78,维生素c丸,6,8330000,0,2990000,中等,-,-,-,-%,-%
45,复方枇杷止咳颗粒,6,1150000,0,0,易,-,-,-,-%,-%
37,三磷酸胞苷二钠注射液,6,171000,2,0,易,-,-,-,-%,-%
35,注射用甘草酸二铵,5,389000,2,0,易,-,-,-,-%,-%
63,双氯芬酸钠注射液,4,485000,0,1140000,易,-,-,-,-%,-%
44,银翘解毒合剂,4,499000,2,0,易,-,-,-,-%,-%
82,葡萄糖酸依诺沙星,3,228000,0,72400,易,-,-,-,-%,-%
54,苏菲咳糖浆,3,80100,0,0,易,-,-,-,-%,-%
40,磺啶冰黄片,3,63100,0,0,易,-,-,-,-%,-%
67,葡萄糖氯化钠钾注射液,2,951000,2,282000,易,-,-,-,-%,-%
86,枸橼酸喷托维林糖浆,1,330000,0,47100,易,-,-,-,-%,-%
81,环扁桃酯胶囊,1,311000,2,129000,易,-,-,-,-%,-%
71,山梨醇注射液,1,292000,6,122000,易,-,-,-,-%,-%
36,止咳枇杷糖浆,1,1180000,0,0,易,-,-,-,-%,-%
31,那格列奈片,1,62300,0,0,易,-,-,-,-%,-%
24,芎菊上清丸,1,253000,0,0,易,-,-,-,-%,-%
100,地西泮注射液,0,538000,0,171000,易,-,-,-,-%,-%
94,复方磺胺甲噁唑颗粒,0,410000,0,120000,易,-,-,-,-%,-%
93,头孢米诺钠,0,324000,0,305000,易,-,-,-,-%,-%
89,乙型肝炎病毒核心抗体诊断试剂盒(酶联免疫法),0,753000,0,10100,易,-,-,-,-%,-%
88,消咳宁片,0,172000,0,467000,易,-,-,-,-%,-%
85,小儿复方磺胺二甲嘧啶散,0,48700,2,31100,易,-,-,-,-%,-%
83,抗感解毒颗粒,0,210000,0,183000,易,-,-,-,-%,-%
75,氯唑沙宗片,0,419000,0,249000,易,-,-,-,-%,-%
68,小儿喜食片,0,80100,0,688000,易,-,-,-,-%,-%
66,六味地黄丸(浓缩丸),0,396000,0,183000,易,-,-,-,-%,-%
64,法莫替丁片,0,163000,0,422000,易,-,-,-,-%,-%
62,血液保存液Ⅱ,0,173000,0,105000,易,-,-,-,-%,-%
61,复方桔梗麻黄碱糖浆,0,823000,0,142000,易,-,-,-,-%,-%
57,梅花点舌丸,0,2170000,0,0,易,-,-,-,-%,-%
56,氯普噻吨片,0,22400,0,0,易,-,-,-,-%,-%
49,急肝退黄胶囊,0,55500,0,0,易,-,-,-,-%,-%
48,回天再造丸,0,28100,0,0,易,-,-,-,-%,-%
43,土霉素胶囊,0,793000,2,0,易,-,-,-,-%,-%
39,开塞露(含甘油),0,70300,0,0,易,-,-,-,-%,-%
34,消渴降糖胶囊,0,947000,0,0,易,-,-,-,-%,-%
27,维磷葡钙片,0,59200,0,0,易,-,-,-,-%,-%
26,薄荷桉油含片(Ⅱ),0,173000,0,0,易,-,-,-,-%,-%
23,米格来宁片,0,49400,0,0,易,-,-,-,-%,-%
21,紫蔻丸,0,55200,0,0,易,-,-,-,-%,-%
17,乙型肝炎病毒表面抗体诊断试剂盒(酶联免疫法),0,882000,0,40900,易,-,-,-,-%,-%
16,盐酸酚苄明片,0,175000,0,183000,易,-,-,-,-%,-%
14,呋喃硫胺片,0,180000,0,55500,易,-,-,-,-%,-%
13,阿奇霉素葡萄糖注射液,0,449000,0,144000,易,-,-,-,-%,-%
7,注射用盐酸纳洛酮,0,553000,0,156000,易,-,-,-,-%,-%
5,注射用单磷酸阿糖腺苷,0,206000,0,72300,易,-,-,-,-%,-%
2,注射用长春西汀,0,288000,0,132000,易,-,-,-,-%,-%
#,关键词,搜索量,百度收录,百度推广,谷歌收录,P指数,周关注度,月关注度,季关注度,男性,女性
1,葡萄糖注射液,82,3150000,0,1660000,中等,-,-,-,-%,-%
2,维生素c片,144,7190000,6,2350000,中等,-18%,+7%,-2%,58.64%,41.36%
3,安乃近片,52,289000,0,901000,易,-21%,+10%,+2%,68.13%,31.87%
4,葡萄糖氯化钠注射液,19,1480000,2,739000,易,-,-,-,-%,-%
5,氯化钠注射液,91,3490000,6,1590000,中等,-2%,-11%,-8%,64.97%,35.03%
6,复方磺胺甲噁唑片,0,626000,0,231000,易,-,-,-,-%,-%
7,盐酸小檗碱片,284,312000,2,311000,易,+1%,-9%,+19%,65.02%,34.98%
8,对乙酰氨基酚片,475,1460000,0,1240000,中等,-4%,+9%,-9%,67.53%,32.47%
9,土霉素片,0,372000,4,720000,易,-16%,+17%,+675%,61.83%,38.17%
10,板蓝根颗粒,123,1330000,2,948000,中等,-7%,+8%,-11%,67.54%,32.46%
11,维生素c注射液,39,3140000,0,1290000,中等,-,-,-,-%,-%
12,诺氟沙星胶囊,547,1130000,0,690000,中等,-2%,-11%,-12%,67.25%,32.75%
13,维生素b1片,46,812000,2,3710000,易,-,-,-,-%,-%
14,灭菌注射用水,27,826000,6,297000,易,-,-,-,-%,-%
15,红霉素肠溶片,91,424000,0,509000,易,+1%,-6%,+800%,68.16%,31.84%
16,复方丹参片,553,2340000,0,2570000,中等,+2%,-5%,-15%,63.81%,36.19%
17,甲硝唑片,530,1520000,2,471000,中等,+28%,+17%,-15%,58.33%,41.67%
18,氧,0,100000000,0,250000000,中等,+16%,-6%,0%,59.03%,40.97%
19,去痛片,0,1940000,2,2060000,易,-,-,-,-%,-%
20,乙酰螺旋霉素片,158,785000,0,233000,易,+7%,-1%,-13%,68.82%,31.18%
21,六味地黄丸,4395,15400000,0,5040000,难,+1%,+5%,-8%,78.45%,21.55%
22,维生素b12注射液,0,4230000,2,318000,中等,-,-,-,-%,-%
23,异烟肼片,22,276000,0,603000,易,-,-,-,-%,-%
24,硫酸庆大霉素注射液,45,561000,0,240000,易,+3%,-25%,+14%,62.26%,37.74%
25,利福平胶囊,117,1130000,0,785000,易,+5%,-10%,+1975%,67.41%,32.59%
26,四环素片,66,243000,4,1910000,易,-2%,+13%,+780%,60.89%,39.11%
27,呋喃唑酮片,0,158000,0,233000,易,-,-,-,-%,-%
28,头孢氨苄胶囊,606,761000,0,792000,易,+1%,+1%,-13%,70.22%,29.78%
29,氨咖黄敏胶囊,952,575000,0,282000,易,-2%,+13%,-24%,67.71%,32.29%
30,牛黄解毒片,135,3120000,0,1370000,中等,-3%,+6%,-4%,66.68%,33.32%
31,维生素b6片,53,510000,4,2350000,易,-,-,-,-%,-%
32,氯霉素片,36,155000,0,817000,易,-15%,-13%,+1900%,65.72%,34.28%
33,维生素b2片,34,337000,6,2230000,易,-,-,-,-%,-%
34,肌苷片,246,1420000,0,1070000,易,-21%,-6%,-2%,68.44%,31.56%
35,醋酸泼尼松片,372,398000,0,293000,易,0%,-3%,-7%,61.37%,38.63%
36,氯芬黄敏片,253,155000,0,253000,易,-7%,+3%,-15%,69.37%,30.63%
37,地塞米松磷酸钠注射液,35,567000,0,180000,易,+12%,-20%,+21%,62.92%,37.08%
38,盐酸雷尼替丁胶囊,149,446000,0,324000,易,-,-,-,-%,-%
39,布洛芬片,118,352000,2,1520000,易,-9%,-3%,-10%,67.04%,32.96%
40,西咪替丁片,104,477000,2,854000,易,-,-,-,-%,-%
41,杞菊地黄丸,429,1590000,0,585000,中等,-6%,+4%,-13%,69.09%,30.91%
42,维生素b6注射液,31,890000,0,305000,易,-,-,-,-%,-%
43,补中益气丸,745,2520000,2,1140000,中等,+14%,+4%,-8%,68.57%,31.43%
44,阿莫西林胶囊,817,2470000,0,1060000,中等,+3%,+41%,-48%,69.1%,30.9%
45,吡哌酸片,0,168000,0,509000,易,-,-,-,-%,-%
46,穿心莲片,69,566000,0,834000,易,+14%,+42%,+354%,72.27%,27.73%
47,盐酸林可霉素注射液,20,375000,2,279000,易,-,-,-,-%,-%
48,甘露醇注射液,46,370000,6,446000,易,+12%,-21%,+750%,68.2%,31.8%
49,头孢拉定胶囊,821,929000,0,633000,易,+3%,-8%,-9%,69.45%,30.55%
50,甲硝唑氯化钠注射液,30,478000,0,186000,易,-,-,-,-%,-%
51,马来酸氯苯那敏片,177,419000,4,337000,易,+1%,-6%,-15%,63.42%,36.58%
52,吡拉西坦片,0,178000,0,339000,易,-,-,-,-%,-%
53,维c银翘片,316,2530000,0,1400000,中等,-4%,+7%,-10%,68.47%,31.53%
54,阿司匹林肠溶片,430,1350000,0,494000,中等,+2%,+20%,-33%,61.09%,38.91%
55,利巴韦林注射液,79,1000000,0,456000,易,+5%,-20%,-1%,69.67%,30.33%
56,复方乙酰水杨酸片,164,352000,0,121000,易,-3%,+1%,-9%,67.67%,32.33%
57,萘普生片,0,127000,0,310000,易,-,-,-,-%,-%
58,十全大补丸,287,1020000,0,899000,易,+4%,+13%,-5%,69.26%,30.74%
59,注射用头孢呋辛钠,44,598000,4,278000,易,-,-,-,-%,-%
60,注射用头孢他啶,20,749000,0,147000,易,-,-,-,-%,-%
61,注射用头孢曲松钠,49,1530000,0,205000,易,-,-,-,-%,-%
62,干酵母片,0,174000,6,843000,易,-,-,-,-%,-%
63,卡托普利片,125,624000,0,592000,易,+6%,0%,+585%,63.99%,36.01%
64,头孢氨苄片,102,293000,0,723000,易,-,-,-,-%,-%
65,归脾丸,860,2130000,0,1030000,中等,+3%,-3%,-11%,63.65%,36.35%
66,注射用头孢哌酮钠舒巴坦钠,0,578000,2,183000,易,-,-,-,-%,-%
67,右旋糖酐40葡萄糖注射液,4,242000,4,73500,易,-,-,-,-%,-%
68,天王补心丸,267,444000,0,0,易,+4%,+1%,-30%,67.37%,32.63%
69,琥乙红霉素片,0,457000,0,0,易,-,-,-,-%,-%
70,柏子养心丸,214,575000,0,0,易,+16%,+3%,-17%,63.57%,36.43%
71,盐酸吗啉胍片,133,155000,0,0,易,0%,+1%,-16%,64.36%,35.64%
72,附子理中丸,617,1350000,0,0,中等,+9%,-9%,-6%,68.71%,31.29%
73,知柏地黄丸,727,0,0,0,易,+6%,0%,-3%,70.75%,29.25%
74,谷维素片,158,947000,2,0,易,+8%,+12%,-11%,63.48%,36.52%
75,小儿氨酚黄那敏颗粒,443,1360000,2,0,中等,+9%,-6%,-15%,67.92%,32.08%
76,肌苷注射液,0,1260000,0,0,易,-,-,-,-%,-%
77,注射用头孢噻肟钠,26,681000,0,0,易,-,-,-,-%,-%
78,硝苯地平片,181,1510000,0,0,易,-1%,-10%,+630%,63.31%,36.69%
79,氨茶碱片,45,1200000,0,0,易,+21%,-3%,+575%,69.66%,30.34%
80,维生素b1注射液,0,1330000,0,0,易,-,-,-,-%,-%
81,联磺甲氧苄啶片,0,135000,2,0,易,-,-,-,-%,-%
82,川贝枇杷糖浆,123,880000,0,0,易,-8%,+4%,+266%,61.31%,38.69%
83,曲克芦丁片,0,193000,6,0,易,-,-,-,-%,-%
84,醋酸地塞米松片,132,1250000,0,0,易,0%,+2%,+792%,61.68%,38.32%
85,盐酸普鲁卡因注射液,12,330000,4,0,易,-,-,-,-%,-%
86,硫酸阿托品注射液,70,307000,0,0,易,-11%,0%,+800%,70.31%,29.69%
87,复方氯化钠注射液,12,1890000,0,0,易,-,-,-,-%,-%
88,元胡止痛片,110,572000,0,0,易,+4%,-5%,-3%,53.97%,46.03%
89,硫酸阿米卡星注射液,0,309000,0,0,易,-,-,-,-%,-%
90,碳酸氢钠片,213,610000,6,0,易,+15%,+60%,-6%,61.79%,38.21%
91,清热解毒口服液,120,2820000,0,758000,易,+2%,-5%,-7%,67.11%,32.89%
92,感冒退热颗粒,15,2260000,0,1090000,易,-,-,-,-%,-%
93,三七片,180,946000,0,1320000,易,0%,-11%,+10%,66.82%,33.18%
94,安乃近注射液,0,586000,0,229000,易,-,-,-,-%,-%
95,橘红丸,99,333000,0,594000,易,0%,+18%,-25%,66.32%,33.68%
96,明目地黄丸,130,591000,0,625000,易,+6%,-1%,-19%,68.61%,31.39%
97,八珍益母丸,0,477000,0,463000,易,-,-,-,-%,-%
98,香砂养胃丸,480,1150000,0,498000,中等,-2%,+3%,-13%,67.9%,32.1%
99,银翘解毒丸,84,692000,0,508000,易,-,-,-,-%,-%
100,双氯芬酸钠肠溶片,366,578000,0,198000,易,+3%,-4%,-2%,67.93%,32.07%
#,关键词,搜索量,百度收录,百度推广,谷歌收录,P指数,周关注度,月关注度,季关注度,男性,女性
22,逍遥丸,1486,4690000,0,478000,中等,+3%,-3%,-11%,53.32%,46.68%
14,藿香正气水,1210,3650000,0,1790000,中等,-2%,-34%,+125%,68.5%,31.5%
29,桂附地黄丸,821,1380000,0,464000,中等,-1%,+4%,-17%,79.93%,20.07%
17,乌鸡白凤丸,799,9630000,0,1660000,中等,+1%,+13%,-11%,47.4%,52.6%
13,生脉饮,520,1560000,0,1050000,中等,+4%,-21%,+13%,65.16%,34.84%
27,人参健脾丸,506,952000,0,2340000,易,+2%,-2%,-3%,68.45%,31.55%
4,龙胆泻肝丸,461,1820000,0,676000,中等,-5%,+13%,-2%,71.13%,28.87%
46,益母草颗粒,396,1270000,0,1170000,中等,-2%,+1%,-10%,45.86%,54.14%
8,藿香正气丸,391,2620000,0,464000,中等,0%,-18%,+43%,65.75%,34.25%
54,人血白蛋白,391,1390000,2,1410000,中等,-9%,+3%,+13%,65.98%,34.02%
30,保和丸,376,1910000,0,1150000,中等,+1%,-11%,0%,66.71%,33.29%
96,防风通圣丸,357,1150000,0,369000,中等,+6%,-7%,-13%,61.62%,38.38%
48,维生素e软胶囊,331,2650000,0,3060000,中等,-25%,+2%,-1%,46.68%,53.32%
57,碘酊,317,2150000,0,138000,中等,+21%,-5%,+16%,67.6%,32.4%
73,酚氨咖敏片,289,133000,0,290000,易,+6%,-22%,-13%,64.48%,35.52%
5,黄连上清丸,246,731000,0,291000,易,0%,+2%,0%,65.93%,34.07%
58,木香顺气丸,246,513000,0,399000,易,+3%,+3%,-19%,64.88%,35.12%
67,复方对乙酰氨基酚片,213,1490000,0,677000,易,-4%,+20%,-7%,67.71%,32.29%
26,通宣理肺丸,211,713000,0,314000,易,0%,+9%,-35%,66.37%,33.63%
76,感冒清热颗粒,196,1130000,0,938000,易,-14%,+17%,-18%,66.17%,33.83%
47,利巴韦林片,193,271000,0,1040000,易,-6%,+8%,-15%,68.03%,31.97%
82,聚维酮碘溶液,185,331000,6,219000,易,+3%,-7%,+6%,59.58%,40.42%
59,牛黄上清丸,180,559000,0,284000,易,+3%,+4%,-5%,66.49%,33.51%
38,尼群地平片,158,247000,2,327000,易,-,-,-,-%,-%
35,牛黄解毒丸,145,1390000,0,2180000,易,-9%,+6%,-5%,66.64%,33.36%
34,朱砂安神丸,131,654000,2,214000,易,-,-,-,-%,-%
99,头孢氨苄颗粒,127,269000,0,546000,易,+3%,-12%,-11%,72.61%,27.39%
97,卡马西平片,117,332000,2,473000,易,-,-,-,-%,-%
12,银翘解毒片,114,787000,0,617000,易,+8%,-3%,-6%,68.11%,31.89%
19,大山楂丸,112,391000,2,629000,易,+12%,+6%,+744%,52.58%,47.42%
56,石斛夜光丸,109,330000,0,156000,易,-8%,-7%,+1%,59.3%,40.7%
18,小儿止咳糖浆,108,2220000,0,1540000,易,+34%,-8%,-28%,66.38%,33.62%
100,天麻胶囊,93,869000,0,1750000,易,-,-,-,-%,-%
3,碳酸氢钠注射液,92,1300000,0,556000,易,+11%,-5%,+9%,64.34%,35.66%
91,小儿咳喘灵颗粒,91,563000,0,325000,易,+9%,-12%,-34%,72.39%,27.61%
31,复方茶碱麻黄碱片,89,242000,0,216000,易,+25%,+27%,-24%,73.71%,26.29%
64,小活络丸,82,310000,0,395000,易,-,-,-,-%,-%
6,枸橼酸喷托维林片,78,334000,0,114000,易,-,-,-,-%,-%
71,盐酸克林霉素胶囊,75,481000,0,353000,易,-,-,-,-%,-%
39,咳特灵胶囊,64,418000,0,555000,易,-,-,-,-%,-%
23,葡醛内酯片,64,136000,0,137000,易,-,-,-,-%,-%
61,琥乙红霉素颗粒,58,661000,0,270000,易,-,-,-,-%,-%
69,磷酸苯丙哌林片,56,276000,0,165000,易,-,-,-,-%,-%
89,香丹注射液,54,415000,0,340000,易,+8%,-6%,-37%,66.4%,33.6%
75,蛇胆川贝液,54,610000,0,381000,易,+5%,-10%,-28%,67.8%,32.2%
80,复方板蓝根颗粒,51,719000,0,431000,易,-4%,-15%,-26%,63.34%,36.66%
7,阿司匹林片,51,2520000,2,3200000,易,+3%,+12%,+750%,56.95%,43.05%
20,藻酸双酯钠片,51,134000,0,156000,易,-,-,-,-%,-%
52,盐酸左旋咪唑片,50,300000,2,177000,易,-,-,-,-%,-%
90,羚羊感冒片,43,359000,0,232000,易,-,-,-,-%,-%
94,克林霉素磷酸酯注射液,36,529000,0,219000,易,+36%,-6%,0%,66.53%,33.47%
16,盐酸利多卡因注射液,34,427000,0,255000,易,-,-,-,-%,-%
25,氯霉素注射液,30,1140000,0,931000,易,-,-,-,-%,-%
88,脑蛋白水解物注射液,29,428000,0,238000,易,-,-,-,-%,-%
28,盐酸乙胺丁醇片,29,336000,0,181000,易,-,-,-,-%,-%
1,西咪替丁胶囊,27,968000,2,512000,易,-,-,-,-%,-%
62,鱼腥草注射液,27,1290000,0,465000,易,-,-,-,-%,-%
45,依托红霉素片,23,453000,0,268000,易,-,-,-,-%,-%
65,注射用青霉素钠,23,620000,0,481000,易,-,-,-,-%,-%
84,葛根素注射液,22,919000,0,150000,易,-8%,-7%,+1300%,61.22%,38.78%
70,胸腺肽注射液,21,1000000,2,437000,易,-,-,-,-%,-%
77,大山楂颗粒,20,2590000,0,1360000,易,-,-,-,-%,-%
40,胞磷胆碱钠注射液,18,368000,0,219000,易,-,-,-,-%,-%
44,乳酸左氧氟沙星氯化钠注射液,17,373000,0,95500,易,-,-,-,-%,-%
24,硫酸庆大霉素片,14,686000,0,573000,易,-,-,-,-%,-%
2,氢化可的松注射液,9,766000,0,279000,易,-,-,-,-%,-%
33,盐酸林可霉素胶囊,7,396000,0,295000,易,-,-,-,-%,-%
81,吡拉西坦胶囊,5,611000,0,269000,易,-,-,-,-%,-%
15,硫酸小诺霉素注射液,4,155000,0,95600,易,-,-,-,-%,-%
66,利福平片,4,52200,2,1200000,易,+66%,+50%,+300%,47.43%,52.57%
42,磺胺嘧啶片,3,805000,0,252000,易,-,-,-,-%,-%
60,甲氧苄啶片,2,853000,0,391000,易,-,-,-,-%,-%
63,硫酸卡那霉素注射液,2,195000,0,157000,易,-,-,-,-%,-%
50,盐酸林可霉素片,1,462000,0,354000,易,-,-,-,-%,-%
98,注射用奥扎格雷钠,0,477000,4,130000,易,-,-,-,-%,-%
95,利福定胶囊,0,89500,0,534000,易,-,-,-,-%,-%
93,小儿复方磺胺甲噁唑颗粒,0,272000,0,111000,易,-,-,-,-%,-%
92,盐酸四环素片,0,1050000,0,350000,易,-,-,-,-%,-%
87,曲克芦丁注射液,0,356000,2,1240000,易,-,-,-,-%,-%
86,肌醇烟酸酯片,0,250000,4,105000,易,-,-,-,-%,-%
85,舒肝丸,0,452000,0,188000,易,-,-,-,-%,-%
83,甲硝唑葡萄糖注射液,0,463000,2,187000,易,-,-,-,-%,-%
79,盐酸氯丙嗪片,0,115000,2,207000,易,-,-,-,-%,-%
78,羚翘解毒丸,0,630000,0,122000,易,-,-,-,-%,-%
74,开胸顺气丸,0,283000,0,228000,易,-,-,-,-%,-%
72,注射用尿激酶,0,139000,2,130000,易,-,-,-,-%,-%
43,盐酸麻黄碱片,0,134000,0,273000,易,-,-,-,-%,-%
41,复方氨林巴比妥注射液,0,158000,0,129000,易,-,-,-,-%,-%
37,注射用胸腺肽,0,375000,2,388000,易,-,-,-,-%,-%
36,地西泮片,0,250000,0,353000,易,-,-,-,-%,-%
32,复方氨基酸注射液(18aa),0,279000,0,76000,易,-,-,-,-%,-%
9,注射用头孢哌酮钠,0,731000,2,298000,易,-,-,-,-%,-%
10,双嘧达莫片,0,153000,0,215000,易,-,-,-,-%,-%
11,三黄片,0,1430000,0,1150000,易,-,-,-,-%,-%
21,萘普生胶囊,0,419000,0,194000,易,-,-,-,-%,-%
49,注射用头孢米诺钠,0,301000,2,232000,易,-,-,-,-%,-%
51,贝诺酯片,0,130000,0,233000,易,-,-,-,-%,-%
53,注射用头孢唑林钠,0,492000,0,200000,易,-,-,-,-%,-%
55,小儿复方磺胺甲噁唑片,0,324000,0,1060000,易,-,-,-,-%,-%
68,注射用头孢拉定,0,1140000,0,231000,易,-,-,-,-%,-%
#,关键词,搜索量,百度收录,百度推广,谷歌收录,P指数,周关注度,月关注度,季关注度,男性,女性
7,复方氨酚烷胺片,1357,1440000,0,442000,中等,0%,+7%,-10%,71.13%,28.87%
60,阿奇霉素分散片,819,1410000,0,393000,中等,0%,+2%,-13%,67.69%,32.31%
92,奥美拉唑肠溶胶囊,725,1350000,0,0,中等,-2%,0%,-13%,65.52%,34.48%
21,安宫牛黄丸,550,2190000,2,1140000,中等,+16%,-7%,-4%,67.59%,32.41%
53,罗红霉素胶囊,539,932000,0,1230000,易,+5%,+2%,-18%,69.46%,30.54%
20,复方氨酚烷胺胶囊,496,1200000,0,420000,中等,-7%,-1%,-19%,68.51%,31.49%
26,人工牛黄甲硝唑胶囊,436,557000,0,209000,易,+5%,0%,-21%,65.46%,34.54%
71,头孢氨苄甲氧苄啶胶囊,370,433000,0,164000,易,-14%,-4%,-22%,70.76%,29.24%
12,人参归脾丸,357,597000,0,502000,易,+42%,+18%,-14%,61.48%,38.52%
3,健脾丸,275,1740000,0,1150000,易,-9%,-2%,-6%,68.73%,31.27%
23,益母草膏,238,1400000,0,490000,易,+3%,-6%,-7%,65.52%,34.48%
61,辛伐他汀片,232,1020000,0,516000,易,-5%,-6%,-20%,63.99%,36.01%
83,天麻丸,207,574000,0,0,易,+12%,-1%,+3000%,64.78%,35.22%
29,护肝片,191,2130000,2,6620000,中等,-4%,+4%,-11%,73.26%,26.74%
38,消炎利胆片,190,829000,2,563000,易,+10%,-4%,-11%,67.81%,32.19%
79,牛黄清胃丸,176,530000,0,0,易,+22%,+11%,+4%,63.67%,36.33%
27,麦味地黄丸,165,517000,0,650000,易,+8%,-3%,-9%,74.81%,25.19%
45,盐酸二甲双胍片,159,797000,0,346000,易,0%,0%,-41%,46.55%,53.45%
37,脑心舒口服液,153,427000,0,668000,易,+13%,+1%,-17%,66.79%,33.21%
84,大活络丸,152,443000,0,0,易,+8%,-8%,-12%,67.25%,32.75%
52,阿苯达唑片,138,274000,0,160000,易,-2%,-3%,-11%,67.74%,32.26%
65,氨基比林咖啡因片,137,247000,0,111000,易,+2%,+9%,+780%,64.85%,35.15%
63,复方黄连素片,124,319000,0,447000,易,-,-,-,-%,-%
13,强力枇杷露,118,1200000,0,249000,易,+1%,-1%,-34%,68.11%,31.89%
82,六味地黄胶囊,117,1010000,0,0,易,-,-,-,-%,-%
62,刺五加片,114,333000,0,1620000,易,-11%,+13%,-18%,69.19%,30.81%
98,苯妥英钠片,111,134000,2,0,易,+9%,0%,+1600%,59.45%,40.55%
22,氨咖黄敏片,104,94700,0,268000,易,+5%,+90%,+440%,65.77%,34.23%
4,上清丸,103,1420000,0,560000,易,+4%,+13%,-13%,67.36%,32.64%
50,复合维生素b片,94,556000,2,1100000,易,-,-,-,-%,-%
80,舒必利片,92,393000,0,0,易,-,-,-,-%,-%
39,齐墩果酸片,84,118000,0,171000,易,-20%,-17%,-11%,73.02%,26.98%
70,复方醋酸地塞米松乳膏,82,540000,0,232000,易,-,-,-,-%,-%
100,人参养荣丸,81,433000,0,0,易,+271%,+119%,-41%,56.55%,43.45%
75,宁心宝胶囊,79,251000,0,590000,易,-,-,-,-%,-%
16,麻黄碱苯海拉明片,78,289000,2,75600,易,+14%,+16%,+550%,69.66%,30.34%
66,乙肝解毒胶囊,74,180000,0,1210000,易,+42%,0%,+233%,78.99%,21.01%
19,感冒清胶囊,69,534000,0,922000,易,-,-,-,-%,-%
33,头孢羟氨苄胶囊,67,470000,0,176000,易,-,-,-,-%,-%
43,吲哚美辛肠溶片,60,259000,2,86500,易,-,-,-,-%,-%
17,葡萄糖酸钙片,60,1430000,2,1060000,易,+17%,+2%,+1400%,57.63%,42.37%
69,盐酸环丙沙星片,56,560000,0,230000,易,+6%,-6%,+900%,68.73%,31.27%
6,桑菊感冒片,54,621000,0,104000,易,-,-,-,-%,-%
72,女金丸,52,272000,0,1090000,易,-,-,-,-%,-%
51,五味子糖浆,50,683000,0,237000,易,+7%,+3%,+233%,58.68%,41.32%
47,复方穿心莲片,50,425000,0,307000,易,+12%,-7%,+800%,65.87%,34.13%
36,盐酸普罗帕酮片,50,264000,0,124000,易,-,-,-,-%,-%
97,阿替洛尔片,49,2020000,0,0,易,+4%,-10%,-27%,63.91%,36.09%
77,柴胡注射液,48,2070000,0,0,易,-,-,-,-%,-%
74,盐酸异丙嗪片,47,173000,0,242000,易,-,-,-,-%,-%
41,吉他霉素片,45,481000,0,203000,易,-,-,-,-%,-%
34,复方氨酚那敏颗粒,44,1040000,0,559000,易,-,-,-,-%,-%
9,食母生片,44,120000,0,796000,易,-,-,-,-%,-%
78,注射用炎琥宁,43,411000,2,0,易,-3%,-11%,-10%,68.98%,31.02%
24,注射用阿奇霉素,42,2280000,0,586000,易,-6%,-19%,-20%,62.97%,37.03%
99,跌打丸,38,725000,0,0,易,-,-,-,-%,-%
35,感冒清片,35,485000,0,794000,易,-,-,-,-%,-%
56,氯化钾注射液,34,197000,2,588000,易,-,-,-,-%,-%
96,复方妥英麻黄茶碱片,27,125000,0,0,易,-,-,-,-%,-%
18,大黄碳酸氢钠片,27,156000,0,139000,易,-,-,-,-%,-%
76,小儿氨酚黄那敏片,23,0,0,580000,易,-20%,+9%,+200%,73.02%,26.98%
64,云芝肝泰颗粒,18,117000,3,65500,易,-,-,-,-%,-%
95,杞菊地黄口服液,16,430000,0,0,易,-,-,-,-%,-%
91,氟康唑氯化钠注射液,16,313000,0,0,易,-18%,+10%,+1000%,50.37%,49.63%
93,麦白霉素片,14,102000,0,0,易,-,-,-,-%,-%
68,吲哚美辛胶囊,12,645000,1,245000,易,-,-,-,-%,-%
46,磷霉素钙胶囊,12,174000,0,141000,易,-,-,-,-%,-%
81,替硝唑氯化钠注射液,11,298000,0,0,易,-,-,-,-%,-%
67,注射用氨苄西林钠,11,655000,0,212000,易,-12%,0%,+600%,70.64%,29.36%
5,盐酸奈福泮片,11,164000,0,117000,易,-,-,-,-%,-%
57,乳酸环丙沙星氯化钠注射液,10,141000,0,76600,易,-,-,-,-%,-%
87,盐酸吡硫醇片,9,91900,2,0,易,-,-,-,-%,-%
94,三磷酸腺苷二钠注射液,8,881000,0,0,易,-,-,-,-%,-%
42,苯甲醇注射液,8,222000,2,179000,易,-,-,-,-%,-%
14,注射用硫酸头孢匹罗,7,147000,0,63100,易,-,-,-,-%,-%
55,马来酸氯苯那敏注射液,6,333000,0,178000,易,-,-,-,-%,-%
40,肌苷口服溶液,2,223000,2,96000,易,-,-,-,-%,-%
1,氯霉素胶囊,2,1570000,0,1020000,易,-,-,-,-%,-%
90,注射用氨苄西林钠舒巴坦钠,0,313000,0,0,易,-,-,-,-%,-%
89,夏桑菊颗粒,0,393000,0,0,易,-,-,-,-%,-%
88,盐酸多西环素片,0,322000,0,0,易,-,-,-,-%,-%
86,盐酸消旋山莨菪碱注射液,0,169000,0,0,易,-,-,-,-%,-%
85,消栓口服液,0,350000,0,0,易,-,-,-,-%,-%
73,注射用甲磺酸培氟沙星,0,335000,0,135000,易,-,-,-,-%,-%
59,抗骨增生片,0,611000,6,728000,易,-,-,-,-%,-%
58,乙肝扶正胶囊,0,139000,0,284000,易,-,-,-,-%,-%
54,槐角丸,0,783000,0,412000,易,-,-,-,-%,-%
49,利巴韦林含片,0,107000,0,182000,易,-,-,-,-%,-%
48,羧甲司坦片,0,124000,0,122000,易,-,-,-,-%,-%
44,酚磺乙胺注射液,0,218000,0,163000,易,-,-,-,-%,-%
32,颠茄磺苄啶片,0,365000,0,70000,易,-,-,-,-%,-%
31,盐酸土霉素片,0,769000,0,287000,易,-,-,-,-%,-%
30,木糖醇注射液,0,219000,0,154000,易,-,-,-,-%,-%
28,甲紫溶液,0,183000,0,1580000,易,-,-,-,-%,-%
25,芬布芬片,0,75100,0,9760000,易,-,-,-,-%,-%
15,养血安神片,0,334000,0,1010000,易,-,-,-,-%,-%
11,吡罗昔康片,0,190000,0,133000,易,-,-,-,-%,-%
10,注射用头孢尼西钠,0,287000,0,154000,易,-,-,-,-%,-%
2,注射用更昔洛韦,0,692000,0,259000,易,-,-,-,-%,-%
8,注射用奥美拉唑钠,0,1180000,0,326000,易,-,-,-,-%,-%
#,关键词,搜索量,百度收录,百度推广,谷歌收录,P指数,周关注度,月关注度,季关注度,男性,女性
34,金匮肾气丸,1795,4310000,0,0,中等,+5%,-1%,-16%,79.46%,20.54%
44,十滴水,1042,2470000,0,0,中等,-14%,-28%,+13%,55.36%,44.64%
62,五子衍宗丸,825,1910000,0,550000,中等,+7%,+4%,-1%,79.91%,20.09%
46,风油精,718,9640000,4,0,难,-5%,-23%,+74%,68.63%,31.37%
45,参苓白术散,695,2050000,0,0,中等,-3%,-10%,0%,66.73%,33.27%
12,开塞露,599,4270000,0,3180000,中等,-19%,+27%,-10%,72.51%,27.49%
55,盐酸左氧氟沙星片,517,1860000,0,0,中等,+4%,-6%,+3%,67.07%,32.93%
33,小柴胡颗粒,417,4610000,0,0,中等,+5%,-6%,-28%,65.24%,34.76%
68,酚酞片,363,303000,0,476000,易,-11%,-12%,+9%,46.55%,53.45%
43,阿奇霉素片,363,835000,0,0,易,+10%,+11%,-5%,68.38%,31.62%
47,黄连上清片,362,820000,0,0,易,-7%,0%,-1%,67.3%,32.7%
91,银杏叶片,357,1100000,2,1020000,中等,+3%,+12%,-10%,62.26%,37.74%
100,氟康唑胶囊,299,450000,0,573000,易,-3%,-8%,0%,60.02%,39.98%
22,阿昔洛韦片,242,2210000,6,2510000,中等,0%,-8%,-12%,67.14%,32.86%
59,壮腰健肾丸,240,543000,2,388000,易,+5%,+4%,-14%,76.87%,23.13%
89,艾附暖宫丸,239,730000,2,238000,易,+2%,-2%,-10%,45.29%,54.71%
73,香砂六君丸,214,332000,0,216000,易,0%,-5%,-10%,69.47%,30.53%
21,银黄颗粒,200,670000,0,999000,易,-4%,-9%,-19%,66.62%,33.38%
70,金银花露,184,1340000,4,871000,中等,-6%,-35%,+15%,62.52%,37.48%
42,胃康灵胶囊,174,683000,0,0,易,-11%,0%,-25%,66.67%,33.33%
53,阿莫西林颗粒,154,2890000,2,0,中等,-4%,-9%,-24%,68.44%,31.56%
78,曲咪新乳膏,141,454000,0,78100,易,-7%,-6%,-7%,69.59%,30.41%
37,氯霉素滴眼液,141,634000,0,0,易,0%,0%,-6%,60.93%,39.07%
61,氨苄西林胶囊,138,1150000,0,313000,易,-4%,-10%,-16%,68.87%,31.13%
38,玉屏风口服液,132,238000,0,0,易,+8%,-14%,-6%,62.85%,37.15%
67,通便灵胶囊,124,355000,0,409000,易,+24%,+2%,+640%,47.77%,52.23%
79,克拉霉素胶囊,122,1850000,0,707000,易,-,-,-,-%,-%
15,陈香露白露片,114,711000,0,80500,易,-,-,-,-%,-%
41,小儿感冒颗粒,114,2140000,0,0,易,-2%,-8%,-21%,66.57%,33.43%
98,盐酸普萘洛尔片,108,281000,1,159000,易,-,-,-,-%,-%
64,百合固金丸,91,185000,0,123000,易,-,-,-,-%,-%
50,舒筋活血片,89,550000,0,0,易,-,-,-,-%,-%
77,人参再造丸,87,560000,2,211000,易,-,-,-,-%,-%
95,一清颗粒,83,249000,0,20300000,易,-,-,-,-%,-%
18,灰黄霉素片,78,632000,2,272000,易,-1%,-5%,+1183%,65.33%,34.67%
99,辅酶q10胶囊,75,1210000,8,1570000,中等,-22%,+40%,0%,56.67%,43.33%
11,通脉颗粒,75,1210000,2,1010000,易,+9%,-4%,+242%,64.17%,35.83%
17,补肾强身片,55,252000,6,1380000,易,-,-,-,-%,-%
39,氧氟沙星片,55,1410000,0,0,易,+2%,-15%,+760%,69.59%,30.41%
8,甲硝唑注射液,54,385000,0,702000,易,+11%,+15%,+5%,68.27%,31.73%
58,小儿咳喘灵口服液,50,433000,0,267000,易,+25%,-5%,+850%,71.77%,28.23%
76,克霉唑乳膏,49,690000,0,679000,易,-,-,-,-%,-%
81,硫糖铝咀嚼片,44,126000,0,36100,易,+6%,-7%,+680%,68.69%,31.31%
10,复方愈创木酚磺酸钾口服溶液,42,121000,0,37400,易,-,-,-,-%,-%
24,维u颠茄铝胶囊,40,302000,0,170000,易,-,-,-,-%,-%
49,益肝灵片,34,252000,6,0,易,-,-,-,-%,-%
5,复方氢氧化铝片,32,583000,6,161000,易,-,-,-,-%,-%
13,牡蛎碳酸钙颗粒,30,354000,6,138000,易,-,-,-,-%,-%
3,注射用头孢西丁钠,28,339000,4,167000,易,-,-,-,-%,-%
57,半夏糖浆,27,664000,2,0,易,-,-,-,-%,-%
28,复方川贝精片,27,154000,0,136000,易,-,-,-,-%,-%
40,浓维磷糖浆,27,1340000,2,0,易,-,-,-,-%,-%
4,消栓通络片,26,218000,4,308000,易,-,-,-,-%,-%
7,丙谷胺片,24,73700,0,1120000,易,-,-,-,-%,-%
93,氨茶碱注射液,22,827000,2,397000,易,+8%,-11%,+650%,57.18%,42.82%
82,磷酸苯丙哌林胶囊,21,233000,0,115000,易,+9%,-8%,+266%,71.15%,28.85%
88,酮洛芬肠溶胶囊,20,194000,2,148000,易,-,-,-,-%,-%
65,盐酸左氧氟沙星氯化钠注射液,18,482000,0,111000,易,-,-,-,-%,-%
56,注射用克林霉素磷酸酯,18,654000,0,0,易,-,-,-,-%,-%
9,氨甲环酸注射液,17,138000,0,300000,易,-,-,-,-%,-%
27,复方氨酚苯海拉明片,13,422000,2,82300,易,-,-,-,-%,-%
36,注射用头孢替唑钠,13,264000,2,0,易,-,-,-,-%,-%
29,注射用降纤酶,9,319000,2,163000,易,-,-,-,-%,-%
54,盐酸雷尼替丁片,9,865000,0,0,易,-,-,-,-%,-%
90,注射用哌拉西林钠,8,303000,0,125000,易,-,-,-,-%,-%
48,牡蛎碳酸钙片,8,114000,6,0,易,-,-,-,-%,-%
69,甘油果糖氯化钠注射液,6,105000,0,41500,易,-,-,-,-%,-%
75,烟酸占替诺片,4,122000,6,87200,易,-,-,-,-%,-%
66,注射用青霉素钾,4,2220000,0,295000,易,-,-,-,-%,-%
32,硫酸奈替米星注射液,4,232000,0,80000,易,-,-,-,-%,-%
92,氟罗沙星注射液,3,418000,0,131000,易,-,-,-,-%,-%
2,氟罗沙星葡萄糖注射液,2,259000,0,61600,易,-,-,-,-%,-%
30,丹参注射液,2,1900000,0,796000,易,+9%,-8%,-22%,65.69%,34.31%
96,门冬氨酸洛美沙星注射液,1,216000,0,57800,易,-50%,-50%,0%,70.89%,29.11%
80,右旋糖酐40氯化钠注射液,1,207000,4,59600,易,-,-,-,-%,-%
63,复方磺胺嘧啶片,1,492000,2,142000,易,-,-,-,-%,-%
1,盐酸二氧丙嗪片,1,181000,0,117000,易,-,-,-,-%,-%
97,阿咖酚散,0,128000,0,288000,易,-,-,-,-%,-%
94,苯巴比妥片,0,1150000,0,603000,易,-,-,-,-%,-%
87,诺氟沙星葡萄糖注射液,0,272000,0,95800,易,-,-,-,-%,-%
86,格列本脲片,0,183000,6,400000,易,-,-,-,-%,-%
85,乳酸钠林格注射液,0,196000,0,50800,易,-,-,-,-%,-%
84,甲苯磺丁脲片,0,58600,0,116000,易,-,-,-,-%,-%
83,炎可宁片,0,283000,0,1080000,易,-,-,-,-%,-%
74,注射用卡络磺钠,0,101000,0,170000,易,-,-,-,-%,-%
72,首乌延寿片,0,383000,0,111000,易,-,-,-,-%,-%
71,复方氨基酸注射液(15aa),0,58100,0,11200,易,-,-,-,-%,-%
60,清眩丸,0,116000,0,1380000,易,-,-,-,-%,-%
6,甲氧氯普胺片,0,192000,0,119000,易,-,-,-,-%,-%
14,注射用美洛西林钠,0,328000,0,146000,易,-,-,-,-%,-%
16,参苏丸,0,233000,0,2980000,易,-,-,-,-%,-%
19,吡嗪酰胺片,0,720000,0,280000,易,-,-,-,-%,-%
20,曲匹布通片,0,93400,0,159000,易,-,-,-,-%,-%
23,氢氯噻嗪片,0,1130000,0,589000,易,-,-,-,-%,-%
25,注射用泮托拉唑钠,0,503000,0,184000,易,-,-,-,-%,-%
26,桂利嗪片,0,249000,0,303000,易,-,-,-,-%,-%
31,利胆排石片,0,202000,2,403000,易,-,-,-,-%,-%
35,罗通定片,0,200000,0,0,易,+38%,0%,+666%,60.23%,39.77%
51,加味藿香正气丸,0,520000,0,0,易,0%,-21%,+566%,73.02%,26.98%
52,磺胺脒片,0,85000,2,0,易,-,-,-,-%,-%
#,关键词,搜索量,百度收录,百度推广,谷歌收录,P指数,周关注度,月关注度,季关注度,男性,女性
11,红霉素软膏,509,3470000,0,2020000,中等,-5%,+1%,+4%,58.87%,41.13%
66,阿普唑仑片,411,259000,6,191000,易,+4%,+1%,-19%,62.99%,37.01%
40,艾司唑仑片,402,290000,6,184000,易,+5%,+1%,-13%,62.58%,37.42%
48,清火栀麦片,240,334000,0,85600,易,-1%,+6%,-6%,55.44%,44.56%
69,尼莫地平片,203,463000,0,545000,易,+1%,+1%,-24%,64.63%,35.37%
52,消癌平片,171,0,0,782000,易,+16%,-7%,-2%,60.44%,39.56%
83,西黄丸,169,606000,7,927000,中等,+5%,-5%,-5%,64.87%,35.13%
39,硝酸异山梨酯片,149,935000,0,373000,易,+1%,-3%,-20%,59.24%,40.76%
86,阿奇霉素胶囊,141,340000,0,1700000,易,+3%,-4%,-21%,67.49%,32.51%
93,过氧化氢溶液,140,1500000,6,1440000,中等,+12%,-4%,+977%,59.67%,40.33%
56,灵芝胶囊,124,647000,6,837000,易,+4%,-1%,-21%,65.75%,34.25%
92,麝香壮骨膏,121,1030000,2,322000,中等,+8%,+5%,-3%,69.13%,30.87%
49,济生肾气丸,120,485000,0,264000,易,-,-,-,-%,-%
58,大败毒胶囊,118,227000,0,377000,易,-,-,-,-%,-%
42,玄麦甘桔颗粒,107,266000,0,66600,易,-,-,-,-%,-%
25,依托红霉素颗粒,105,383000,0,209000,易,-,-,-,-%,-%
81,复方利血平片,104,923000,2,698000,易,-2%,-2%,-29%,64.18%,35.82%
65,三磷酸腺苷二钠片,94,790000,6,193000,易,-,-,-,-%,-%
79,空心胶囊,87,1750000,3,1410000,易,+20%,-5%,-80%,65.35%,34.65%
7,联苯双酯片,86,131000,6,338000,易,+7%,-16%,+700%,71.97%,28.03%
51,三七伤药片,84,417000,0,335000,易,+8%,-3%,+1733%,66.72%,33.28%
4,盐酸小檗碱,72,909000,6,390000,易,-20%,-7%,-5%,69.25%,30.75%
2,氯氮平片,69,159000,6,357000,易,-,-,-,-%,-%
29,硫酸阿托品片,68,461000,0,356000,易,0%,-22%,+700%,73.02%,26.98%
99,复方鱼腥草片,64,221000,0,402000,易,-,-,-,-%,-%
100,凝血酶,60,4840000,6,2320000,中等,-,-,-,-%,-%
34,麻杏止咳糖浆,60,174000,0,84300,易,-14%,-6%,-40%,66.8%,33.2%
47,葡萄糖酸钙注射液,59,1200000,2,542000,易,-,-,-,-%,-%
27,复方芦丁片,55,114000,4,234000,易,-,-,-,-%,-%
72,健儿消食口服液,48,467000,0,137000,易,-,-,-,-%,-%
35,银翘解毒颗粒,48,1440000,0,316000,易,-,-,-,-%,-%
77,甘草锌胶囊,47,345000,0,565000,易,-,-,-,-%,-%
46,灯盏花素片,45,547000,0,217000,易,-,-,-,-%,-%
63,利巴韦林滴眼液,42,438000,2,632000,易,-,-,-,-%,-%
22,养血当归糖浆,35,576000,0,213000,易,-,-,-,-%,-%
17,复方感冒灵片,34,993000,0,814000,易,-,-,-,-%,-%
59,槟榔四消丸,33,162000,0,635000,易,-4%,-4%,+2100%,52.68%,47.32%
43,口服葡萄糖,30,7100000,4,1150000,中等,+5%,-13%,-20%,69.94%,30.06%
32,维酶素片,30,84800,0,596000,易,-,-,-,-%,-%
18,保泰松片,30,78300,0,635000,易,-,-,-,-%,-%
94,月见草油胶丸,28,145000,2,252000,易,-11%,-11%,+800%,61.22%,38.78%
84,康尔心胶囊,26,148000,2,577000,易,-,-,-,-%,-%
55,三合钙咀嚼片,26,75300,0,110000,易,0%,-15%,+225%,71.27%,28.73%
97,心可宁胶囊,25,200000,0,1040000,易,-,-,-,-%,-%
87,脑得生片,24,123000,0,19700000,易,-,-,-,-%,-%
78,重组人粒细胞刺激因子注射液,19,683000,0,86300,易,-,-,-,-%,-%
36,盐酸左氧氟沙星注射液,19,0,0,295000,易,-,-,-,-%,-%
16,妇康宁片,19,377000,4,271000,易,-,-,-,-%,-%
57,紫杉醇注射液,18,265000,1,1840000,易,-,-,-,-%,-%
26,五维他口服溶液,18,43300,0,305000,易,-,-,-,-%,-%
1,注射用阿魏酸钠,18,451000,2,124000,易,0%,+14%,+700%,76.79%,23.21%
89,银黄口服液,16,283000,0,700000,易,-,-,-,-%,-%
31,小儿退热口服液,16,1440000,0,552000,易,-,-,-,-%,-%
74,甲酚皂溶液,15,258000,2,67100,易,-,-,-,-%,-%
73,盐酸纳洛酮注射液,15,485000,4,125000,易,-,-,-,-%,-%
67,苦参素注射液,15,161000,6,471000,易,-,-,-,-%,-%
41,盐酸丁咯地尔注射液,15,255000,0,104000,易,-,-,-,-%,-%
9,吡拉西坦注射液,15,489000,0,219000,易,-,-,-,-%,-%
45,苯扎溴铵溶液,14,474000,6,401000,易,-,-,-,-%,-%
15,盐酸克林霉素注射液,14,378000,0,354000,易,-,-,-,-%,-%
64,养血安神糖浆,13,379000,2,195000,易,-,-,-,-%,-%
5,注射用头孢唑肟钠,13,210000,2,141000,易,-,-,-,-%,-%
24,芬布芬胶囊,12,381000,0,3460000,易,-,-,-,-%,-%
14,注射用辅酶a,11,1350000,6,245000,中等,-,-,-,-%,-%
70,银柴颗粒,10,120000,2,854000,易,-,-,-,-%,-%
82,盐酸昂丹司琼注射液,8,190000,0,57700,易,-,-,-,-%,-%
95,麦味地黄口服液,7,145000,0,304000,易,-,-,-,-%,-%
61,人参口服液,7,2150000,0,1350000,易,-,-,-,-%,-%
21,注射用穿琥宁,7,143000,0,166000,易,-,-,-,-%,-%
10,注射用亚叶酸钙,6,262000,2,97900,易,-,-,-,-%,-%
3,乙酰螺旋霉素胶囊,6,541000,0,163000,易,-,-,-,-%,-%
50,乳酸环丙沙星注射液,5,256000,2,199000,易,+25%,0%,+300%,50.76%,49.24%
33,维生素b2注射液,5,488000,2,378000,易,-,-,-,-%,-%
19,注射用头孢噻吩钠,5,150000,6,64200,易,0%,0%,+200%,54.6%,45.4%
96,注射用甲磺酸左氧氟沙星,4,448000,6,117000,易,-,-,-,-%,-%
90,氧氟沙星氯化钠注射液,4,662000,0,115000,易,-,-,-,-%,-%
75,硫酸妥布霉素注射液,4,280000,0,1100000,易,-,-,-,-%,-%
71,氯化钙注射液,4,300000,6,398000,易,-,-,-,-%,-%
68,盐酸倍他司汀氯化钠注射液,3,137000,0,42000,易,-,-,-,-%,-%
38,盐酸四环素胶囊,3,574000,2,261000,易,-,-,-,-%,-%
88,甲磺酸培氟沙星注射液,2,309000,6,103000,易,-33%,0%,0%,83.04%,16.96%
13,曲克芦丁氯化钠注射液,2,217000,4,61100,易,-,-,-,-%,-%
98,磷酸哌嗪片,1,529000,6,163000,易,-,-,-,-%,-%
80,吡哌酸胶囊,1,228000,0,359000,易,-,-,-,-%,-%
91,冠心苏合丸,0,452000,0,187000,易,-,-,-,-%,-%
85,注射用二乙酰氨乙酸乙二胺,0,246000,6,51200,易,-,-,-,-%,-%
76,磺胺二甲嘧啶片,0,162000,2,161000,易,-,-,-,-%,-%
62,呋塞米注射液,0,389000,0,165000,易,-,-,-,-%,-%
60,多酶片,0,1400000,0,879000,易,-,-,-,-%,-%
54,盐酸萘甲唑啉滴鼻液,0,265000,2,29600,易,-,-,-,-%,-%
53,静注人免疫球蛋白(ph4),0,121000,2,20700,易,-,-,-,-%,-%
44,烟酸片,0,81000,6,1570000,易,-,-,-,-%,-%
37,芦丁片,0,442000,4,858000,易,-,-,-,-%,-%
30,氨甲苯酸注射液,0,214000,0,169000,易,-,-,-,-%,-%
28,生脉饮(党参方),0,130000,0,164000,易,-,-,-,-%,-%
23,氧(液态),0,4110000,4,3050000,中等,-,-,-,-%,-%
20,右旋糖酐20葡萄糖注射液,0,257000,4,68000,易,-,-,-,-%,-%
12,注射用头孢哌酮钠舒巴坦钠(2:1),0,573000,2,59100,易,-,-,-,-%,-%
8,小檗碱甲氧苄啶胶囊,0,224000,6,71700,易,-,-,-,-%,-%
6,咳特灵片,0,176000,0,851000,易,-,-,-,-%,-%
#,关键词,搜索量,百度收录,百度推广,谷歌收录,P指数,周关注度,月关注度,季关注度,男性,女性
13,盐酸左氧氟沙星胶囊,935,1560000,0,482000,中等,0%,-10%,+3%,66.53%,33.47%
25,男宝胶囊,322,1760000,1,1060000,中等,+14%,+100%,+11%,78.67%,21.33%
55,盐酸氟桂利嗪胶囊,309,391000,0,184000,易,+2%,-4%,-19%,63.9%,36.1%
85,丹参片,291,41400000,0,3080000,中等,+3%,-5%,-13%,64.77%,35.23%
12,苯磺酸氨氯地平片,279,620000,6,332000,易,-1%,-3%,-23%,61.94%,38.06%
68,青霉素v钾片,259,342000,0,260000,易,-9%,0%,-10%,68.66%,31.34%
90,富马酸酮替芬片,247,193000,2,116000,易,+2%,-3%,-20%,61.59%,38.41%
52,牛黄清心丸,226,857000,0,393000,易,+10%,-9%,-11%,62.3%,37.7%
63,健胃消食片,223,3050000,2,1410000,中等,-1%,-2%,-3%,65.67%,34.33%
5,益肾灵颗粒,187,258000,2,445000,易,-3%,-13%,-14%,80.29%,19.71%
24,八珍丸,179,388000,0,1540000,易,+73%,+29%,-6%,55.25%,44.75%
44,注射用绒促性素,161,384000,0,102000,易,+2%,-3%,-13%,70.19%,29.81%
77,胶体果胶铋胶囊,151,615000,2,173000,易,-8%,-6%,+718%,64.52%,35.48%
59,养阴清肺丸,144,352000,0,732000,易,+9%,+26%,-21%,67.02%,32.98%
69,小儿化痰止咳颗粒,142,2140000,2,1060000,中等,+22%,-8%,-31%,67.04%,32.96%
84,炎立消胶囊,136,328000,0,372000,易,+2%,-4%,-6%,70.94%,29.06%
88,舒肝和胃丸,135,839000,0,1310000,易,-,-,-,-%,-%
35,咽炎片,135,1020000,4,3020000,中等,-3%,+9%,+1600%,67.1%,32.9%
32,硝酸咪康唑乳膏,134,563000,0,198000,易,-9%,-5%,+773%,64.87%,35.13%
83,银黄胶囊,118,837000,0,2500000,易,0%,+2%,-26%,70.1%,29.9%
54,通窍鼻炎片,114,293000,3,226000,易,-,-,-,-%,-%
39,安神补心丸,112,583000,4,868000,易,+1%,+1%,-16%,66.63%,33.37%
100,硫软膏,110,383000,0,1080000,易,-,-,-,-%,-%
58,当归片,108,379000,0,9330000,易,+14%,-2%,+620%,48.24%,51.76%
1,对乙酰氨基酚栓,101,4130000,0,236000,中等,-,-,-,-%,-%
19,牛磺酸颗粒,93,409000,0,439000,易,-4%,-4%,-2%,70.17%,29.83%
89,肾上腺色腙片,91,126000,0,55900,易,-3%,-7%,+737%,55.09%,44.91%
62,注射用赖氨匹林,84,230000,0,62000,易,0%,-11%,+33%,73.02%,26.98%
67,牛黄消炎片,83,273000,0,277000,易,+13%,+11%,+816%,63.47%,36.53%
42,七叶神安片,81,402000,0,115000,易,-,-,-,-%,-%
11,脑乐静,78,131000,0,691000,易,+30%,0%,-18%,66.74%,33.26%
78,妇科调经片,70,327000,0,1590000,易,-22%,-4%,-11%,37.32%,62.68%
76,硫普罗宁,68,575000,2,259000,易,-,-,-,-%,-%
33,清脑降压片,68,195000,4,747000,易,-12%,-9%,-32%,65.42%,34.58%
82,宫炎康颗粒,63,183000,0,366000,易,-,-,-,-%,-%
26,注射用胸腺五肽,63,737000,1,230000,易,-,-,-,-%,-%
43,醋酸氟轻松乳膏,61,454000,0,140000,易,-3%,-8%,+744%,61.55%,38.45%
47,藿香正气片,53,399000,0,1510000,易,-2%,-26%,+1300%,65.08%,34.92%
29,注射用氨曲南,53,543000,0,125000,易,-,-,-,-%,-%
6,度米芬含片,52,165000,0,370000,易,-3%,-9%,+650%,64.11%,35.89%
30,胃膜素胶囊,47,222000,2,2720000,易,-,-,-,-%,-%
16,烟酰胺片,46,853000,4,380000,易,+32%,-6%,+6%,57.96%,42.04%
98,复方岩白菜素片,45,130000,0,76900,易,-,-,-,-%,-%
41,利胆片,31,938000,2,314000,易,-,-,-,-%,-%
95,复方胆通胶囊,29,228000,2,597000,易,-,-,-,-%,-%
20,盐酸奈福泮注射液,26,154000,0,87600,易,-,-,-,-%,-%
4,五味子颗粒,25,1670000,0,795000,易,-,-,-,-%,-%
49,诺氟沙星片,22,1290000,0,1080000,易,0%,-11%,+750%,66.09%,33.91%
17,石淋通颗粒,22,251000,0,781000,易,-,-,-,-%,-%
23,凝血酶冻干粉,22,112000,0,207000,易,-,-,-,-%,-%
18,安胃片,19,147000,4,65800,易,0%,0%,-8%,63.15%,36.85%
57,维生素e烟酸酯胶囊,18,255000,2,112000,易,-,-,-,-%,-%
66,盐酸苯海拉明片,17,336000,4,222000,易,-,-,-,-%,-%
50,冠心苏合胶囊,17,310000,2,134000,易,-,-,-,-%,-%
14,复方龙胆碳酸氢钠片,17,166000,0,77600,易,-,-,-,-%,-%
92,更昔洛韦注射液,16,446000,0,272000,易,-,-,-,-%,-%
94,乙酰谷酰胺注射液,14,185000,0,146000,易,-,-,-,-%,-%
73,注射用果糖二磷酸钠,14,339000,0,80700,易,-,-,-,-%,-%
61,尼莫地平注射液,14,640000,0,283000,易,-,-,-,-%,-%
10,单硝酸异山梨酯注射液,14,548000,0,166000,易,-,-,-,-%,-%
80,消渴灵片,13,124000,0,290000,易,-,-,-,-%,-%
64,注射用盐酸头孢吡肟,11,290000,0,127000,易,-,-,-,-%,-%
91,维生素e片,10,5710000,4,12900000,中等,-,-,-,-%,-%
72,胃蛋白酶片,8,113000,6,960000,易,-,-,-,-%,-%
87,复方南板蓝根片,7,135000,2,181000,易,-,-,-,-%,-%
51,板蓝根注射液,7,1490000,0,576000,易,-,-,-,-%,-%
60,莪术油葡萄糖注射液,6,235000,2,51700,易,-,-,-,-%,-%
15,含糖胃蛋白酶,6,150000,6,189000,易,-,-,-,-%,-%
96,生理氯化钠溶液,5,1590000,0,250000,易,-,-,-,-%,-%
40,注射用氨苄西林钠氯唑西林钠,3,194000,0,205000,易,-,-,-,-%,-%
9,牛磺酸片,3,1140000,6,782000,中等,-,-,-,-%,-%
79,羟乙基淀粉40氯化钠注射液,2,75600,0,32700,易,-,-,-,-%,-%
53,肾上腺色腙注射液,2,158000,0,43500,易,-,-,-,-%,-%
48,注射用葡萄糖酸依诺沙星,2,217000,0,52900,易,-,-,-,-%,-%
99,羟甲香豆素胶囊,1,58500,6,66900,易,-,-,-,-%,-%
93,注射用舒巴坦钠,1,889000,0,350000,易,-,-,-,-%,-%
45,清瘟解毒丸,1,646000,0,84500,易,-,-,-,-%,-%
97,益母丸,0,643000,0,828000,易,-,-,-,-%,-%
86,启脾丸,0,238000,0,637000,易,-,-,-,-%,-%
81,川贝清肺糖浆,0,195000,0,318000,易,-,-,-,-%,-%
75,消旋山莨菪碱片,0,238000,0,77000,易,-,-,-,-%,-%
74,尼可地尔片,0,83200,0,527000,易,-,-,-,-%,-%
71,氢化可的松片,0,1100000,6,493000,中等,-,-,-,-%,-%
70,颠茄片,0,936000,0,657000,易,-,-,-,-%,-%
65,天麻片,0,607000,0,4790000,易,-,-,-,-%,-%
56,注射用甲硫氨酸维b1,0,124000,2,34700,易,-,-,-,-%,-%
46,呋喃妥因肠溶片,0,146000,0,48500,易,-,-,-,-%,-%
38,豆腐果苷片,0,84200,0,54500,易,-,-,-,-%,-%
37,石淋通片,0,289000,0,3500000,易,-,-,-,-%,-%
36,格列吡嗪片,0,257000,0,234000,易,-,-,-,-%,-%
34,地巴唑片,0,162000,0,304000,易,-,-,-,-%,-%
31,注射用阿莫西林钠克拉维酸钾,0,1270000,0,134000,易,-,-,-,-%,-%
28,脉安颗粒,0,49500,0,1880000,易,-,-,-,-%,-%
2,注射用哌拉西林钠他唑巴坦钠,0,175000,0,50400,易,-,-,-,-%,-%
3,注射用氯唑西林钠,0,228000,0,222000,易,-,-,-,-%,-%
7,复方氨基酸注射液(17aa),0,91200,0,16000,易,-,-,-,-%,-%
8,利巴韦林葡萄糖注射液,0,367000,0,99600,易,-,-,-,-%,-%
21,注射用阿洛西林钠,0,241000,0,144000,易,-,-,-,-%,-%
22,酚氨咖敏颗粒,0,160000,0,222000,易,-,-,-,-%,-%
27,盐酸氯丙嗪注射液,0,184000,0,144000,易,-,-,-,-%,-%
#,关键词,搜索量,百度收录,百度推广,谷歌收录,P指数,周关注度,月关注度,季关注度,男性,女性
82,冰硼散,342,1380000,0,436000,中等,+2%,-10%,-3%,71.22%,28.78%
39,乳酸菌素片,320,1390000,0,505000,中等,-1%,0%,+1%,61.59%,38.41%
36,炎琥宁,296,1170000,0,522000,易,-5%,-7%,-14%,71.5%,28.5%
42,土霉素,278,4610000,4,2370000,中等,-12%,-2%,-8%,69.22%,30.78%
10,锁阳固精丸,240,925000,4,275000,易,-2%,+36%,-4%,84.08%,15.92%
9,氧氟沙星滴眼液,212,1300000,0,376000,易,-2%,-7%,-2%,58.24%,41.76%
88,田七痛经胶囊,206,583000,2,183000,易,+7%,-3%,+1100%,32.82%,67.18%
70,替米沙坦片,201,693000,4,398000,易,-12%,+1%,+707%,61.45%,38.55%
35,婴儿健脾散,190,938000,0,471000,易,0%,-13%,+14%,68.75%,31.25%
23,七厘散,165,918000,0,445000,易,-12%,-4%,-16%,65.71%,34.29%
55,舒肝健胃丸,147,213000,0,700000,易,-,-,-,-%,-%
93,千柏鼻炎片,126,405000,6,173000,易,+5%,+39%,-20%,71.23%,28.77%
15,罗红霉素片,111,446000,0,1430000,易,+1%,+8%,-10%,68.06%,31.94%
43,肾石通颗粒,110,362000,0,1550000,易,-,-,-,-%,-%
92,午时茶颗粒,102,304000,0,184000,易,-,-,-,-%,-%
26,心脑康胶囊,99,279000,2,3800000,易,-,-,-,-%,-%
1,阿奇霉素颗粒,96,2320000,2,1180000,易,+25%,-7%,-29%,68.37%,31.63%
41,清凉油,90,5310000,2,1930000,中等,-8%,-31%,+58%,64.8%,35.2%
4,氧氟沙星胶囊,90,1130000,0,685000,易,+8%,-10%,+712%,64.92%,35.08%
40,维生素c咀嚼片,85,1920000,2,1710000,易,-12%,+21%,+657%,49.54%,50.46%
6,十全大补膏,65,161000,0,900000,易,-,-,-,-%,-%
91,维d2磷酸氢钙片,53,97800,0,63400,易,-18%,-5%,+1100%,62.26%,37.74%
33,蛤蚧定喘丸,46,370000,2,106000,易,-4%,+25%,+500%,63.27%,36.73%
14,头孢拉定颗粒,46,288000,0,371000,易,+5%,-4%,-21%,69.43%,30.57%
45,脑血栓片,45,243000,2,2450000,易,+5%,+10%,+566%,62.01%,37.99%
66,人免疫球蛋白,41,783000,4,838000,易,+4%,-10%,-15%,65.7%,34.3%
77,珍珠末,40,378000,0,9110000,易,-,-,-,-%,-%
62,降糖宁胶囊,39,224000,2,759000,易,-17%,-11%,-35%,67.97%,32.03%
38,维生素ad软胶囊,37,2390000,2,252000,易,-,-,-,-%,-%
53,补肾强身胶囊,35,2060000,6,987000,中等,-,-,-,-%,-%
58,银黄片,33,131000,0,1330000,易,-,-,-,-%,-%
83,盐酸环丙沙星胶囊,32,418000,0,163000,易,+13%,-14%,+850%,65.02%,34.98%
50,麝香接骨胶囊,32,227000,0,156000,易,-,-,-,-%,-%
3,精制银翘解毒片,28,186000,0,68300,易,-,-,-,-%,-%
56,白带丸,25,255000,0,3050000,易,-,-,-,-%,-%
52,枸橼酸铋钾颗粒,22,506000,0,195000,易,-,-,-,-%,-%
29,甘草甜素片,20,155000,2,260000,易,-,-,-,-%,-%
22,复方桔梗止咳片,20,192000,0,224000,易,-,-,-,-%,-%
90,风痛安胶囊,19,125000,6,412000,易,-,-,-,-%,-%
76,三蛇胆川贝糖浆,19,413000,0,124000,易,0%,0%,+166%,69.66%,30.34%
99,复方肝浸膏片,17,727000,0,190000,易,-,-,-,-%,-%
51,甘草酸二铵注射液,16,361000,2,154000,易,-,-,-,-%,-%
60,盖胃平片,15,177000,0,3340000,易,-,-,-,-%,-%
27,二母宁嗽丸,14,83100,0,332000,易,-,-,-,-%,-%
94,注射用头孢地嗪钠,12,100000,0,242000,易,-,-,-,-%,-%
74,肥儿糖浆,11,177000,2,320000,易,-16%,-14%,0%,70.48%,29.52%
24,消炎退热颗粒,11,1410000,0,648000,易,-,-,-,-%,-%
65,止咳枇杷颗粒,9,1900000,0,2660000,易,-,-,-,-%,-%
57,小儿酚氨咖敏颗粒,9,122000,0,253000,易,-,-,-,-%,-%
63,注射用乙酰谷酰胺,8,232000,0,98100,易,-,-,-,-%,-%
5,注射用促肝细胞生长素,8,451000,2,194000,易,-,-,-,-%,-%
18,注射用盐酸甲氯芬酯,7,167000,0,233000,易,-,-,-,-%,-%
75,万氏牛黄清心丸,6,117000,0,38200,易,-,-,-,-%,-%
72,板蓝根糖浆,6,1110000,4,5180000,中等,-,-,-,-%,-%
71,牛磺酸胶囊,6,1010000,2,426000,易,-,-,-,-%,-%
67,板蓝根片,6,185000,4,3390000,易,-,-,-,-%,-%
32,磺胺嘧啶钠注射液,5,214000,2,129000,易,-,-,-,-%,-%
19,杞菊地黄胶囊,5,1170000,2,297000,易,-,-,-,-%,-%
37,硬脂酸红霉素片,4,182000,6,129000,易,-,-,-,-%,-%
7,苦参碱氯化钠注射液,4,165000,4,66800,易,-,-,-,-%,-%
13,生三七散,3,3320000,2,58600000,中等,-,-,-,-%,-%
8,口服五维葡萄糖,3,155000,4,158000,易,-,-,-,-%,-%
17,六味地黄片,2,2280000,0,120000,易,-,-,-,-%,-%
81,维酶素胶囊,1,115000,0,689000,易,-,-,-,-%,-%
28,甘油氯化钠注射液,1,394000,0,153000,易,-,-,-,-%,-%
100,胰酶,0,19900000,6,1310000,中等,-,-,-,-%,-%
98,精制冠心片,0,64700,0,108000,易,-,-,-,-%,-%
97,脑立清丸,0,182000,0,107000,易,-,-,-,-%,-%
96,盐酸金刚烷胺片,0,242000,0,161000,易,-,-,-,-%,-%
95,清火片,0,383000,0,6030000,易,-,-,-,-%,-%
89,重组人促红素注射液(cho细胞),0,147000,0,11800,易,-,-,-,-%,-%
87,注射用环磷腺苷,0,332000,0,112000,易,-,-,-,-%,-%
86,呋塞米片,0,134000,0,307000,易,-,-,-,-%,-%
85,奋乃静片,0,110000,2,616000,易,-,-,-,-%,-%
84,格列齐特片,0,328000,0,1050000,易,-,-,-,-%,-%
80,乙型肝炎病毒表面抗原诊断试剂盒(酶联免疫法),0,491000,0,17600,易,-,-,-,-%,-%
79,十全大补酒,0,110000,0,1190000,易,-,-,-,-%,-%
78,棓丙酯注射液,0,116000,4,43000,易,-,-,-,-%,-%
73,非诺贝特片,0,444000,0,838000,易,-,-,-,-%,-%
69,四消丸,0,301000,0,11600000,易,-,-,-,-%,-%
68,全鹿丸,0,277000,1,161000,易,-,-,-,-%,-%
64,甲硫氨酸维b1注射液,0,102000,0,40800,易,-,-,-,-%,-%
61,碘海醇注射液,0,61200,0,228000,易,-,-,-,-%,-%
59,注射用阿莫西林钠,0,1690000,0,447000,易,-,-,-,-%,-%
54,麻仁丸,0,719000,0,240000,易,-,-,-,-%,-%
49,硫酸头孢匹罗,0,190000,2,93900,易,-,-,-,-%,-%
48,生化丸,0,194000,0,3980000,易,-,-,-,-%,-%
47,注射用曲克芦丁,0,360000,2,88600,易,-,-,-,-%,-%
46,门冬氨酸钾镁注射液,0,344000,0,89800,易,-,-,-,-%,-%
44,注射用硫酸链霉素,0,278000,2,119000,易,-,-,-,-%,-%
34,二乙酰氨乙酸乙二胺注射液,0,160000,4,65100,易,-,-,-,-%,-%
31,替硝唑葡萄糖注射液,0,286000,0,100000,易,-,-,-,-%,-%
30,尿塞通片,0,80200,0,4790000,易,-,-,-,-%,-%
25,六合定中丸,0,127000,0,54700,易,-,-,-,-%,-%
21,硫酸沙丁胺醇片,0,259000,0,147000,易,-,-,-,-%,-%
20,注射用抗乙肝免疫核糖核酸,0,533000,0,43000,易,-,-,-,-%,-%
16,妇科十味片,0,156000,0,699000,易,-,-,-,-%,-%
12,甲丙氨酯片,0,13700,0,703000,易,-,-,-,-%,-%
11,止嗽青果丸,0,127000,0,47300,易,-,-,-,-%,-%
2,盐酸乙胺丁醇胶囊,0,254000,0,121000,易,-,-,-,-%,-%
#,关键词,搜索量,百度收录,百度推广,谷歌收录,P指数,周关注度,月关注度,季关注度,男性,女性
19,阿胶,2858,26800000,6,0,难,-23%,+28%,-12%,59.08%,40.92%
96,诺氟沙星,738,3960000,0,1530000,中等,0%,-7%,-15%,70.95%,29.05%
98,加味逍遥丸,385,1010000,0,429000,中等,0%,+18%,-2%,49.12%,50.88%
7,猴头菌片,225,374000,2,0,易,-1%,-9%,-11%,62.8%,37.2%
37,甲硝唑芬布芬胶囊,196,329000,0,357000,易,+7%,-6%,-6%,66.39%,33.61%
68,螺内酯片,190,165000,0,210000,易,-2%,-3%,-4%,55.21%,44.79%
55,替米沙坦,168,952000,0,729000,易,-3%,-6%,-25%,68.33%,31.67%
57,黄藤素片,129,423000,0,575000,易,+3%,-10%,0%,52.84%,47.16%
86,头孢克洛胶囊,113,297000,0,555000,易,+2%,-11%,-13%,66.71%,33.29%
41,克拉霉素片,93,634000,0,353000,易,-,-,-,-%,-%
43,盐酸二甲双胍缓释片,91,377000,0,140000,易,+7%,-7%,+828%,57.4%,42.6%
69,盐酸伐昔洛韦片,84,218000,1,1670000,易,-,-,-,-%,-%
74,复方醋酸氟轻松酊,67,345000,0,61600,易,-,-,-,-%,-%
88,吲哚美辛栓,65,154000,2,119000,易,-,-,-,-%,-%
63,茶碱缓释片,65,605000,0,340000,易,-,-,-,-%,-%
90,甲状腺片,64,673000,3,8830000,易,-,-,-,-%,-%
56,骨刺消痛胶囊,56,274000,6,259000,易,-11%,+16%,-17%,66.03%,33.97%
75,清胃黄连丸,53,191000,0,509000,易,-,-,-,-%,-%
16,小儿清热止咳口服液,51,1490000,0,0,易,-,-,-,-%,-%
11,女宝胶囊,51,368000,0,0,易,-,-,-,-%,-%
93,天麻素片,49,162000,0,394000,易,+11%,-10%,-15%,65.43%,34.57%
5,降脂宁颗粒,43,192000,4,0,易,-,-,-,-%,-%
83,桑菊感冒颗粒,39,775000,0,233000,易,-,-,-,-%,-%
95,胃灵颗粒,33,187000,0,945000,易,-,-,-,-%,-%
67,酮康唑乳膏,31,1000000,0,306000,易,-,-,-,-%,-%
40,注射用硫酸奈替米星,31,231000,0,63600,易,0%,0%,-33%,60.06%,39.94%
65,骨刺片,30,199000,4,3310000,易,-,-,-,-%,-%
31,木瓜丸,30,201000,0,3390000,易,-,-,-,-%,-%
99,氟康唑注射液,29,692000,0,383000,易,+16%,-4%,+23%,63.44%,36.56%
66,肝素钠注射液,29,514000,2,204000,易,+18%,-26%,+800%,48.25%,51.75%
9,聚肌胞注射液,26,276000,6,0,易,-,-,-,-%,-%
97,马来酸噻吗洛尔滴眼液,25,101000,0,44000,易,-,-,-,-%,-%
78,鹿茸口服液,24,745000,0,639000,易,-,-,-,-%,-%
36,盐酸溴己新片,24,148000,0,30100,易,-,-,-,-%,-%
52,西咪替丁注射液,21,572000,0,314000,易,-,-,-,-%,-%
1,吉非罗齐胶囊,21,187000,0,503000,易,-,-,-,-%,-%
60,注射用磷霉素钠,20,234000,0,141000,易,-,-,-,-%,-%
4,元胡止痛胶囊,19,425000,0,0,易,-,-,-,-%,-%
87,风湿定胶囊,18,7070000,3,2200000,中等,-,-,-,-%,-%
47,布洛芬胶囊,18,2110000,0,996000,易,-,-,-,-%,-%
18,感冒止咳颗粒,18,3110000,0,0,中等,-,-,-,-%,-%
14,盐酸维拉帕米片,14,287000,0,0,易,-,-,-,-%,-%
92,维生素b4片,13,89400,0,818000,易,-,-,-,-%,-%
82,注射用阿昔洛韦,13,2200000,2,276000,易,-,-,-,-%,-%
42,氧氟沙星注射液,12,1950000,0,481000,易,-,-,-,-%,-%
2,注射用转移因子,12,1320000,4,487000,中等,-,-,-,-%,-%
72,乳酸钙片,10,1340000,6,867000,中等,0%,+20%,+400%,44.81%,55.19%
54,盐酸格拉司琼注射液,7,177000,0,64100,易,-,-,-,-%,-%
46,穿琥宁注射液,7,1090000,0,213000,易,-,-,-,-%,-%
17,注射用棓丙酯,7,113000,2,0,易,-,-,-,-%,-%
80,注射用苦参素,6,559000,6,265000,易,-,-,-,-%,-%
34,注射用头孢匹胺钠,6,176000,0,187000,易,-,-,-,-%,-%
12,复方甘草酸单铵注射液,6,150000,0,0,易,-,-,-,-%,-%
64,杏仁止咳糖浆,5,330000,0,2960000,易,-,-,-,-%,-%
49,仙茸壮阳口服液,5,42400,6,43400,易,-,-,-,-%,-%
79,盐酸川芎嗪注射液,4,570000,0,185000,易,-,-,-,-%,-%
81,注射用苯唑西林钠,3,155000,0,150000,易,-,-,-,-%,-%
45,硫酸核糖霉素注射液,3,180000,0,1060000,易,-,-,-,-%,-%
91,盐酸托哌酮片,2,71900,0,355000,易,-,-,-,-%,-%
71,注射用抑肽酶,1,236000,0,128000,易,-,-,-,-%,-%
100,注射用替卡西林钠克拉维酸钾,0,106000,0,44400,易,-,-,-,-%,-%
94,羟喜树碱注射液,0,255000,0,83400,易,-,-,-,-%,-%
89,盐酸美西律片,0,63600,2,68500,易,-,-,-,-%,-%
85,门冬酰胺片,0,693000,0,157000,易,-,-,-,-%,-%
84,红细胞保存液,0,1250000,6,129000,中等,-,-,-,-%,-%
77,熊胆丸,0,250000,0,86400,易,-,-,-,-%,-%
76,再造丸,0,1770000,2,747000,易,-,-,-,-%,-%
73,香连丸,0,346000,0,10200000,易,-,-,-,-%,-%
70,乙型肝炎人免疫球蛋白,0,166000,0,697000,易,-,-,-,-%,-%
62,薄荷喉片,0,333000,0,308000,易,-,-,-,-%,-%
61,清喉咽合剂,0,85800,0,64800,易,-,-,-,-%,-%
59,口服补液盐散(Ⅰ),0,51700,0,106000,易,-,-,-,-%,-%
58,小青龙合剂,0,317000,2,82800,易,-,-,-,-%,-%
53,盐酸利多卡因注射液(溶剂用),0,33900,0,22800,易,-,-,-,-%,-%
51,妇科止带片,0,500000,4,603000,易,-,-,-,-%,-%
50,羟甲香豆素片,0,67000,0,101000,易,-,-,-,-%,-%
48,维u颠茄铝镁片,0,329000,0,52300,易,-,-,-,-%,-%
44,桂附理中丸,0,108000,0,243000,易,-,-,-,-%,-%
39,复方氨基酸注射液(14aa),0,14600,0,9330,易,-,-,-,-%,-%
38,缩宫素注射液,0,442000,0,165000,易,-,-,-,-%,-%
35,尼可刹米注射液,0,257000,0,58800,易,-,-,-,-%,-%
33,磷霉素钙片,0,100000,0,167000,易,-,-,-,-%,-%
32,小檗碱甲氧苄啶片,0,228000,2,68200,易,-,-,-,-%,-%
30,汞溴红溶液,0,94700,0,210000,易,-,-,-,-%,-%
29,九味羌活丸,0,303000,0,177000,易,-,-,-,-%,-%
28,抗骨增生丸,0,157000,2,674000,易,-,-,-,-%,-%
27,灭澳灵片,0,74600,0,759000,易,-,-,-,-%,-%
26,乳宁片,0,217000,0,3290000,易,-,-,-,-%,-%
25,血塞通注射液,0,795000,0,0,易,-,-,-,-%,-%
24,腹膜透析液(乳酸盐),0,45000,0,0,易,-,-,-,-%,-%
23,注射用前列地尔,0,435000,0,0,易,-,-,-,-%,-%
22,雪梨膏,0,390000,0,0,易,+2%,+71%,+760%,56.28%,43.72%
21,环磷腺苷葡胺注射液,0,177000,0,0,易,-,-,-,-%,-%
20,胸腺五肽,0,902000,2,0,易,+6%,-6%,-6%,65.29%,34.71%
15,复方氨基酸注射液(3aa),0,45400,0,0,易,-,-,-,-%,-%
13,注射用尼麦角林,0,173000,0,0,易,-,-,-,-%,-%
10,枸橼酸铁铵维b1糖浆Ⅱ,0,58700,0,0,易,-,-,-,-%,-%
8,盐酸氯哌丁片,0,144000,0,0,易,-,-,-,-%,-%
6,羚羊感冒胶囊,0,890000,0,0,易,+12%,+11%,-64%,70.2%,29.8%
3,磺胺甲噁唑片,0,694000,0,400000,易,-,-,-,-%,-%
#,关键词,搜索量,百度收录,百度推广,谷歌收录,P指数,周关注度,月关注度,季关注度,男性,女性
1,卡络磺钠,0,123000,0,432000,易,-,-,-,-%,-%
2,苯丙氨酯片,0,60900,0,435000,易,-,-,-,-%,-%
3,兰索拉唑,0,1280000,0,544000,易,-,-,-,-%,-%
4,丹七片,0,167000,0,1050000,易,-,-,-,-%,-%
5,注射用乳糖酸红霉素,6,261000,0,69500,易,-,-,-,-%,-%
6,注射用替卡西林钠克拉维酸钾,0,106000,0,44400,易,-,-,-,-%,-%
7,氟康唑注射液,29,692000,0,383000,易,+16%,-4%,+23%,63.44%,36.56%
8,加味逍遥丸,385,1010000,0,429000,中等,0%,+18%,-2%,49.12%,50.88%
9,马来酸噻吗洛尔滴眼液,25,101000,0,44000,易,-,-,-,-%,-%
10,诺氟沙星,738,3960000,0,1530000,中等,0%,-7%,-15%,70.95%,29.05%
11,胃灵颗粒,33,187000,0,945000,易,-,-,-,-%,-%
12,吲哚美辛栓,65,146000,2,119000,易,-,-,-,-%,-%
13,熊去氧胆酸片,0,135000,0,228000,易,-1%,-16%,+1180%,64.98%,35.02%
14,苦参碱葡萄糖注射液,0,146000,6,67900,易,-,-,-,-%,-%
15,醋酸曲安奈德尿素乳膏,29,152000,0,45000,易,-,-,-,-%,-%
16,哈西奈德溶液,117,209000,0,59700,易,-,-,-,-%,-%
17,妥布霉素滴眼液,161,729000,2,225000,易,-,-,-,-%,-%
18,小儿氨酚那敏片,2,380000,0,856000,易,-,-,-,-%,-%
19,细胞色素c注射液,0,426000,2,238000,易,-,-,-,-%,-%
20,硫酸软骨素片,94,195000,6,300000,易,-11%,-9%,+950%,56.21%,43.79%
21,头孢拉定干混悬剂,48,364000,0,106000,易,-,-,-,-%,-%
22,复方石菖蒲碱式硝酸铋片,3,85100,0,15100,易,-,-,-,-%,-%
23,脂肪乳注射液(c14～24),0,72300,2,18000,易,-,-,-,-%,-%
24,蛇胆川贝胶囊,45,610000,0,249000,易,-,-,-,-%,-%
25,鱼腥草素钠片,38,129000,0,122000,易,+5%,+16%,+500%,63.81%,36.19%
26,六灵丸,0,48900,0,734000,易,-,-,-,-%,-%
27,四神丸,291,661000,0,2040000,易,0%,-4%,-1%,74.38%,25.62%
28,维磷糖浆,0,106000,2,265000,易,-,-,-,-%,-%
29,罗红霉素颗粒,29,1670000,0,840000,易,-,-,-,-%,-%
30,氯氮卓片,0,23800,0,95800,易,-,-,-,-%,-%
31,清肺抑火丸,20,109000,0,263000,易,-,-,-,-%,-%
32,利肺片,79,203000,0,91300,易,-,-,-,-%,-%
33,注射用盐酸克林霉素,13,422000,0,256000,易,-,-,-,-%,-%
34,丙型肝炎病毒抗体诊断试剂盒(酶联免疫法),0,270000,0,24200,易,-,-,-,-%,-%
35,脑络通胶囊,84,381000,2,797000,易,-,-,-,-%,-%
36,风寒感冒颗粒,80,197000,0,649000,易,-2%,+13%,+675%,73.87%,26.13%
37,甘草酸二铵,83,539000,4,207000,易,-13%,-12%,+816%,64.84%,35.16%
38,苦胆草片,0,139000,0,347000,易,-,-,-,-%,-%
39,阿魏酸钠注射液,11,376000,0,180000,易,-,-,-,-%,-%
40,注射用苦参碱,6,691000,6,169000,易,-,-,-,-%,-%
41,阿昔洛韦滴眼液,70,710000,2,179000,易,-2%,-6%,-9%,64.69%,35.31%
42,小牛血去蛋白提取物注射液,11,237000,0,79400,易,+33%,+16%,0%,65.68%,34.32%
43,氨酪酸注射液,0,101000,0,113000,易,-,-,-,-%,-%
44,硫酸镁注射液,33,162000,4,354000,易,-,-,-,-%,-%
45,联苯苄唑乳膏,78,405000,0,129000,易,-18%,0%,+1571%,70.47%,29.53%
46,龙胆碳酸氢钠片,0,167000,4,122000,易,-,-,-,-%,-%
47,注射用三磷酸胞苷二钠,10,314000,2,57000,易,-,-,-,-%,-%
48,更年灵胶囊,5,79000,6,645000,易,-,-,-,-%,-%
49,对乙酰氨基酚,249,3510000,0,1920000,中等,-2%,+3%,-22%,69.78%,30.22%
50,氧氟沙星葡萄糖注射液,1,531000,0,114000,易,-,-,-,-%,-%
51,复方氨基酸注射液(9aa),0,41100,0,17700,易,-,-,-,-%,-%
52,肾宝糖浆,37,266000,2,170000,易,-,-,-,-%,-%
53,小青龙颗粒,41,508000,6,175000,易,-,-,-,-%,-%
54,骨肽注射液,47,538000,0,282000,易,-10%,-18%,0%,67.04%,32.96%
55,甲砜霉素肠溶片,20,132000,0,38800,易,-,-,-,-%,-%
56,注射用七叶皂苷钠,29,342000,0,71600,易,-,-,-,-%,-%
57,藿香正气胶囊,366,2400000,0,1060000,中等,-4%,-30%,+71%,65.77%,34.23%
58,盐酸尼卡地平片,0,148000,0,96200,易,-,-,-,-%,-%
59,骨筋丸胶囊,96,240000,6,316000,易,-22%,-8%,-18%,68.8%,31.2%
60,复方罗汉果止咳颗粒,10,224000,0,175000,易,0%,+25%,+150%,60.53%,39.47%
61,龙胆泻肝片,36,1200000,0,764000,易,-,-,-,-%,-%
62,灯盏花素注射液,33,528000,0,191000,易,-,-,-,-%,-%
63,磷霉素钙甲氧苄啶胶囊,24,140000,0,42300,易,-,-,-,-%,-%
64,乙型肝炎病毒e抗体诊断试剂盒(酶联免疫法),0,486000,0,40300,易,-,-,-,-%,-%
65,葡萄糖酸钙含片,0,292000,2,523000,易,-,-,-,-%,-%
66,回春如意胶囊,28,258000,6,89500,易,-,-,-,-%,-%
67,金锁固精丸,537,1100000,2,405000,中等,+4%,-1%,+1%,88.2%,11.8%
68,注射用重组人白介素-2,8,438000,4,178000,易,-,-,-,-%,-%
69,葛根芩连片,1,286000,0,149000,易,-,-,-,-%,-%
70,红药片,0,308000,0,86000,易,-4%,0%,+666%,73.29%,26.71%
71,诺氟沙星滴眼液,45,452000,2,159000,易,+13%,-2%,+725%,56.24%,43.76%
72,注射用盐酸赖氨酸,8,474000,0,122000,易,-,-,-,-%,-%
73,伤湿止痛膏,58,1460000,0,1330000,易,-5%,-8%,+4200%,64.67%,35.33%
74,关节止痛膏,25,287000,0,1010000,易,-,-,-,-%,-%
75,维生素ad滴剂,204,2270000,2,855000,中等,+8%,0%,-15%,70.96%,29.04%
76,盐酸林可霉素,57,656000,0,639000,易,-5%,-7%,-4%,62.69%,37.31%
77,喷托维林氯化铵糖浆,4,137000,6,28200,易,-,-,-,-%,-%
78,阿莫西林片,0,2540000,0,3350000,易,-,-,-,-%,-%
79,胱氨酸片,195,234000,1,1110000,易,0%,+32%,+60%,65.64%,34.36%
80,肤痒颗粒,102,375000,6,1960000,易,-,-,-,-%,-%
81,醋酸甲萘氢醌片,0,102000,0,34000,易,-,-,-,-%,-%
82,乙型肝炎病毒e抗原诊断试剂盒(酶联免疫法),0,491000,0,36000,易,-,-,-,-%,-%
83,口服维d2葡萄糖,0,470000,2,76500,易,-,-,-,-%,-%
84,复方胆通片,10,128000,0,2260000,易,-,-,-,-%,-%
85,叶酸片,403,3940000,4,2670000,中等,0%,-8%,-12%,67.65%,32.35%
86,头孢克肟胶囊,282,1060000,0,358000,易,0%,-11%,-11%,67.18%,32.82%
87,富马酸异丙吡仑片,0,66500,6,35900,易,-,-,-,-%,-%
88,阿苯达唑胶囊,8,430000,0,197000,易,-,-,-,-%,-%
89,异烟肼注射液,4,526000,0,186000,易,-,-,-,-%,-%
90,感冒止咳糖浆,23,2290000,0,1460000,易,+50%,0%,+150%,69.28%,30.72%
91,盐酸麻黄碱注射液,0,191000,0,127000,易,-,-,-,-%,-%
92,己烯雌酚片,0,552000,0,132000,易,-,-,-,-%,-%
93,法莫替丁注射液,10,542000,0,186000,易,-,-,-,-%,-%
94,注射用盐酸地尔硫卓,7,198000,2,38600,易,-,-,-,-%,-%
95,新生化颗粒,173,3840000,0,3330000,中等,-,-,-,-%,-%
96,亚硫酸氢钠甲萘醌注射液,4,132000,6,22500,易,-,-,-,-%,-%
97,注射用头孢孟多酯钠,15,137000,0,120000,易,-,-,-,-%,-%
98,克霉唑溶液,33,1360000,2,464000,易,-,-,-,-%,-%
99,硫酸西索米星注射液,0,128000,0,107000,易,-,-,-,-%,-%
100,盐酸氨溴索葡萄糖注射液,8,304000,0,68800,易,-,-,-,-%,-%